taxonomy_id,policy_tag_id,display_name,parent_policy_tag_id
6126692965998272750,7863276250486644733,Email,1064433561942680153
6126692965998272750,8366207286858665119,National_ID,1064433561942680153
6126692965998272750,5182730380171386868,National_ID_Cleaned,1064433561942680153
6126692965998272750,8460396741430475976,address,1064433561942680153
6126692965998272750,6971560812720190872,ammatti,1064433561942680153
6126692965998272750,5087277829810498721,bank_account,1064433561942680153
6126692965998272750,1514870378162304732,bank_account_number,1064433561942680153
6126692965998272750,5095344055803075463,bank_name,1064433561942680153
6126692965998272750,2923711198337398322,bankidnbr,1064433561942680153
6126692965998272750,6229980957805454362,business_address,1064433561942680153
6126692965998272750,4228202014731173699,business_city,1064433561942680153
6126692965998272750,3203396649923899026,business_organization_number,1064433561942680153
6126692965998272750,844401073565266868,business_postal,1064433561942680153
6126692965998272750,3997900563213251329,city,1064433561942680153
6126692965998272750,5561331012883213756,clearing_number,1064433561942680153
6126692965998272750,3035155737219158586,code,1064433561942680153
6126692965998272750,3644811333575535094,contact_detail,1064433561942680153
6126692965998272750,5828019562037663672,customer_contactinfo,1064433561942680153
6126692965998272750,7022617370757560842,customer_email,1064433561942680153
6126692965998272750,8530402225817123221,customer_national_id,1064433561942680153
6126692965998272750,466734306467916591,customer_phone,1064433561942680153
6126692965998272750,3503548413281313292,customer_phone_number,1064433561942680153
6126692965998272750,4964219634148636232,customer_ssn,1064433561942680153
6126692965998272750,1871631373073602497,data,1064433561942680153
6126692965998272750,8192857231542342371,email,1064433561942680153
6126692965998272750,1243365869146307271,emailId,1064433561942680153
6126692965998272750,3166472015383509085,employer,1064433561942680153
6126692965998272750,6469051884091424795,employerPhone,1064433561942680153
6126692965998272750,7554052221379315184,employer_name,1064433561942680153
6126692965998272750,1429159303596593910,employer_phone,1064433561942680153
6126692965998272750,2039830746154717478,etunimi,1064433561942680153
6126692965998272750,1208431314850594597,external_phone,1064433561942680153
6126692965998272750,71389309590075218,first_name,1064433561942680153
6126692965998272750,5710986738747558502,firstname,1064433561942680153
6126692965998272750,6640896774671354859,fname,1064433561942680153
6126692965998272750,167207193319048123,foreignerSSN,1064433561942680153
6126692965998272750,6463505053322396100,fourth_phone,1064433561942680153
6126692965998272750,3401802613658566000,fullname,1064433561942680153
6126692965998272750,1064433561942680153,gdpr_5year_compliant,
6126692965998272750,5611591747851641696,identify,1064433561942680153
6126692965998272750,4720961869399016372,kaupunki,1064433561942680153
6126692965998272750,2716384524483642610,last_name,1064433561942680153
6126692965998272750,7792624092851844015,lastname,1064433561942680153
6126692965998272750,9189735492083634858,market_brand_ssn_id,1064433561942680153
6126692965998272750,5382111013085219915,message,1064433561942680153
6126692965998272750,3207163644118956797,mobile_phone,1064433561942680153
6126692965998272750,7613480861767098921,msg,1064433561942680153
6126692965998272750,8452974265843601388,nationalId,1064433561942680153
6126692965998272750,8766527890701409234,national_id,1064433561942680153
6126692965998272750,696293205601484700,occupation_title,1064433561942680153
6126692965998272750,6147861185079031584,original_phone,1064433561942680153
6126692965998272750,5127506583655154064,osoite,1064433561942680153
6126692965998272750,5385883861234711269,pankki,1064433561942680153
6126692965998272750,5230172317647726685,phone,1064433561942680153
6126692965998272750,8797686076900288010,phoneNumber,1064433561942680153
6126692965998272750,6223354974350255566,phone_number,1064433561942680153
6126692965998272750,9091950430552440849,phone_number_verified,1064433561942680153
6126692965998272750,808602516862509055,phonenumber,1064433561942680153
6126692965998272750,6599298223869350323,post_code,1064433561942680153
6126692965998272750,4522259972247973803,postalArea,1064433561942680153
6126692965998272750,1943024566483573007,postal_address,1064433561942680153
6126692965998272750,2065205436820293935,postal_code,1064433561942680153
6126692965998272750,2018181317103651191,postcode,1064433561942680153
6126692965998272750,3693180898749103492,postinro,1064433561942680153
6126692965998272750,5154016121202443406,profession,1064433561942680153
6126692965998272750,4458541375934877731,puhelin,1064433561942680153
6126692965998272750,1454328422166947882,registered_email,1064433561942680153
6126692965998272750,7675888171144682503,sec_phone,1064433561942680153
6126692965998272750,309247514637673173,secondaryPhoneNumber,1064433561942680153
6126692965998272750,933689102635393820,sotu,1064433561942680153
6126692965998272750,7066932620639087739,ssc,1064433561942680153
6126692965998272750,4818396561666923179,ssn,1064433561942680153
6126692965998272750,5635426717847819925,ssn_id,1064433561942680153
6126692965998272750,269468093035582245,street_address,1064433561942680153
6126692965998272750,7029056188126528613,sukunimi,1064433561942680153
6126692965998272750,8633735442320699877,thr_phone,1064433561942680153
6126692965998272750,7010791237087636130,tili,1064433561942680153
6126692965998272750,2142358320279935415,tyonantaja,1064433561942680153
6126692965998272750,4463050106054565350,tyonantajapuh,1064433561942680153
6126692965998272750,5870876734743497618,user_email,1064433561942680153
6126692965998272750,7966227966901604615,username,1064433561942680153
6126692965998272750,334116559038764988,work_phone,1064433561942680153
6126692965998272750,2035331998610387697,workphone,1064433561942680153
6126692965998272750,870696207879286362,yhtio,1064433561942680153
6126692965998272750,1855270733643196492,yritysnimi,1064433561942680153
6126692965998272750,24511813793683172,ytunnus,1064433561942680153
6126692965998272750,2783696848708252540,yv_email,1064433561942680153
6126692965998272750,3040649594715810974,yv_etunimi,1064433561942680153
6126692965998272750,6991433041532085278,yv_kaupunki,1064433561942680153
6126692965998272750,7914792902103090,yv_osoite,1064433561942680153
6126692965998272750,7119690430857391532,yv_postinro,1064433561942680153
6126692965998272750,7007526686975189651,yv_puhelin,1064433561942680153
6126692965998272750,5108369546079689384,yv_sotu,1064433561942680153
6126692965998272750,6370983604586600298,yv_sukunimi,1064433561942680153
6126692965998272750,2273460112965456900,yv_tyonantaja,1064433561942680153
6126692965998272750,4270473390772850837,yv_tyonantajapuh,1064433561942680153
6126692965998272750,3420204281200193489,yv_tyopuhel,1064433561942680153
6126692965998272750,1692437868841764720,yv_ytunnus,1064433561942680153
6126692965998272750,3092803918024155405,zip,1064433561942680153
7698000960465061299,7524356136182322399,PARTNER_NAME,8490938856311491456
7698000960465061299,6864590919001077695,PII,
7698000960465061299,4873057110205642644,USER_FIRST_NAME,8490938856311491456
7698000960465061299,2273280132614168581,USER_LAST_NAME,4459336840846216239
7698000960465061299,7612181528474902690,accountNumber,5236467219896228104
7698000960465061299,6613650332470153365,address,6864590919001077695
7698000960465061299,5014902748259229731,bank,5236467219896228104
7698000960465061299,3791319644807221470,bank_account,5236467219896228104
7698000960465061299,5236467219896228104,bank_account_number,6864590919001077695
7698000960465061299,2695049525387444910,bank_bic,5236467219896228104
7698000960465061299,7892252738755325211,bank_iban,5236467219896228104
7698000960465061299,4379069429822051426,business_address,6613650332470153365
7698000960465061299,8896656979282780459,city,6613650332470153365
7698000960465061299,7466513068077856858,clearingNumber,5236467219896228104
7698000960465061299,2757061387861378854,coapp_national_id,511583085911940693
7698000960465061299,8193040667865841108,confidential,
7698000960465061299,1179312927239019375,contact,4089129269302642070
7698000960465061299,1540873727355302288,contact_detail,1253511512061036131
7698000960465061299,1021770289783624264,contact_id,4089129269302642070
7698000960465061299,2801700347593812801,contact_person,4089129269302642070
7698000960465061299,2316027681150448046,conventionalname,4459336840846216239
7698000960465061299,8886760883540969069,customer_address,6613650332470153365
7698000960465061299,4231712925244700379,customer_address2,6613650332470153365
7698000960465061299,822524415903259490,customer_city,6613650332470153365
7698000960465061299,5427110230140285040,customer_contactinfo,4089129269302642070
7698000960465061299,3328688784450368379,customer_country_name,6613650332470153365
7698000960465061299,8967522264758646642,customer_email,4089129269302642070
7698000960465061299,3598065083198519504,customer_first_name,8490938856311491456
7698000960465061299,6374479179778832352,customer_last_name,4459336840846216239
7698000960465061299,4004204055540479544,customer_national_id,511583085911940693
7698000960465061299,3202945562909418824,customer_passport_issuance_country_name,6613650332470153365
7698000960465061299,168722705519625898,customer_phone,1253511512061036131
7698000960465061299,9189289931236779559,customer_phone_number,1253511512061036131
7698000960465061299,5728314806005871461,customer_ssn,511583085911940693
7698000960465061299,7132179794173642846,customer_state,6613650332470153365
7698000960465061299,6187717525193954244,directDebitNumber,5236467219896228104
7698000960465061299,2274980628913590373,e_contacts,4089129269302642070
7698000960465061299,4089129269302642070,email,6864590919001077695
7698000960465061299,3777849340999897048,email_subject,4089129269302642070
7698000960465061299,3155126062664773182,emailid,4089129269302642070
7698000960465061299,1553289368757892144,employer_phone,1253511512061036131
7698000960465061299,6336776306351602597,etunimi,8490938856311491456
7698000960465061299,1927713344719590412,external_phone,1253511512061036131
7698000960465061299,8490938856311491456,first_name,6864590919001077695
7698000960465061299,4980372685957987486,fname,8490938856311491456
7698000960465061299,5682054803605712754,foreignerssn,511583085911940693
7698000960465061299,8679953580695253676,fourth_phone,1253511512061036131
7698000960465061299,6779889034725665589,iban,5236467219896228104
7698000960465061299,9217354970880843434,idNumber,5236467219896228104
7698000960465061299,8263227758085782345,identify,511583085911940693
7698000960465061299,2405882741139641535,kaupunki,6613650332470153365
7698000960465061299,1817705119888811572,last_application_employer_phone,1253511512061036131
7698000960465061299,4459336840846216239,last_name,6864590919001077695
7698000960465061299,6452621233780801841,lname,4459336840846216239
7698000960465061299,530270166345288418,mobile_phone,1253511512061036131
7698000960465061299,5910743820384249379,name,8490938856311491456
7698000960465061299,5051177413198927114,national_id,511583085911940693
7698000960465061299,1164068618693145823,national_id_cleaned,511583085911940693
7698000960465061299,8190767684129261300,national_id_sensitive,511583085911940693
7698000960465061299,285323922204326910,originIPAddress,6613650332470153365
7698000960465061299,889727722222473328,original_phone,1253511512061036131
7698000960465061299,4694819595261833950,osoite,6613650332470153365
7698000960465061299,1678090656783231294,paikkakunta,6613650332470153365
7698000960465061299,3031756626705102331,permitNumber,6613650332470153365
7698000960465061299,9020203614155455091,permitType,6613650332470153365
7698000960465061299,8965547099484619277,person,8490938856311491456
7698000960465061299,1253511512061036131,phone,6864590919001077695
7698000960465061299,2888287269054757620,phonenumber,1253511512061036131
7698000960465061299,7921800904692288032,postal_address,6613650332470153365
7698000960465061299,4388140267087059578,puhelin,1253511512061036131
7698000960465061299,3323349248611704146,registered_email,4089129269302642070
7698000960465061299,712569019189055591,requirements_email,4089129269302642070
7698000960465061299,4686791867127188851,restricted,
7698000960465061299,2612079860444335935,sec_phone,1253511512061036131
7698000960465061299,5754799643982292409,secondaryphonenumber,1253511512061036131
7698000960465061299,7513431285807343156,secret_address,6613650332470153365
7698000960465061299,8676875422466440081,sotu,511583085911940693
7698000960465061299,31106008557838357,ssc,511583085911940693
7698000960465061299,511583085911940693,ssn,6864590919001077695
7698000960465061299,6197323441004765234,street_address,6613650332470153365
7698000960465061299,4981946386541817851,sukunimi,4459336840846216239
7698000960465061299,1473004370159631141,telemarketing,1253511512061036131
7698000960465061299,9207558630374791829,temporary_address,6613650332470153365
7698000960465061299,6645761991144012790,thr_phone,1253511512061036131
7698000960465061299,9087674057733671967,tili,5236467219896228104
7698000960465061299,5816539005103612349,tilintarkastaja,5236467219896228104
7698000960465061299,7494069836928770718,tyopuhelin,1253511512061036131
7698000960465061299,8410960888773883067,userName,8490938856311491456
7698000960465061299,4139742126801896022,user_email,4089129269302642070
7698000960465061299,7353963671980289863,web_address,6613650332470153365
7698000960465061299,6417180434036398716,work_phone,1253511512061036131
7698000960465061299,207433813710578403,yv_asuu,6613650332470153365
7698000960465061299,6952721143831549593,yv_email,4089129269302642070
7698000960465061299,8272260378015189860,yv_etunimi,8490938856311491456
7698000960465061299,2562564577007341107,yv_kaupunki,6613650332470153365
7698000960465061299,3126507930273585323,yv_osoite,6613650332470153365
7698000960465061299,2825344361870182648,yv_puhelin,1253511512061036131
7698000960465061299,4791447502047941372,yv_sotu,511583085911940693
7698000960465061299,8933381253932809659,yv_sukunimi,4459336840846216239
7698000960465061299,5914691110315296325,yv_tyopuhelin,1253511512061036131
8248486934170083143,2747473059183823870,PII,
8248486934170083143,1461056860179966745,attributes_raw_json,2747473059183823870
8248486934170083143,577342234998707006,balance,8212724741937909660
8248486934170083143,181631412835176732,bisnode_creditscore,1550817009579813926
8248486934170083143,2291191089975480266,broker_email,6901425101601174567
8248486934170083143,4965066523761757774,broker_name,6901425101601174567
8248486934170083143,6901425101601174567,broker_personal_information,2747473059183823870
8248486934170083143,7715370514140873707,capital_deficit,8637652221654787651
8248486934170083143,1703363032251715897,comission,8212724741937909660
8248486934170083143,1377137715307376303,comment,1461056860179966745
8248486934170083143,2913188619180285017,commission_iq_a,1703363032251715897
8248486934170083143,4790044520415782966,commission_iq_b,1703363032251715897
8248486934170083143,46229461511594618,commission_iq_c,1703363032251715897
8248486934170083143,8632342627650399544,commission_iq_d,1703363032251715897
8248486934170083143,3293766125132595059,commission_iq_e,1703363032251715897
8248486934170083143,4960776295532357999,commission_iq_f,1703363032251715897
8248486934170083143,8212724741937909660,confidential,
8248486934170083143,1550817009579813926,credit,8212724741937909660
8248486934170083143,6665545551732370239,creditReports,1550817009579813926
8248486934170083143,8468719981944804400,credit_limit,1550817009579813926
8248486934170083143,317276638877585060,creditor_data,1461056860179966745
8248486934170083143,2811384579850779811,creditscore,1550817009579813926
8248486934170083143,5006019963574624081,currentDebt,8435778085406938782
8248486934170083143,8435778085406938782,current_loans_amount,8212724741937909660
8248486934170083143,8906796234689729848,debt_balance,577342234998707006
8248486934170083143,368681235308034403,education,8637652221654787651
8248486934170083143,3758181367746272135,education_level,368681235308034403
8248486934170083143,2612496360674836579,education_level_text,368681235308034403
8248486934170083143,1290736606478768440,installment,8637652221654787651
8248486934170083143,3307398106221668304,installment_charges,1290736606478768440
8248486934170083143,8988147007562314812,interestBearingBalance,577342234998707006
8248486934170083143,6637940785736702004,is_pep,8637652221654787651
8248486934170083143,4793163642646773571,is_politically_exposed,6637940785736702004
8248486934170083143,445187592719076744,koulutus,368681235308034403
8248486934170083143,6042319929974034731,last_application_citizenship,7319555456283471916
8248486934170083143,2431381959089216117,last_application_debt_balance,577342234998707006
8248486934170083143,6725753538929508431,last_application_education_level,368681235308034403
8248486934170083143,1701421254491839942,last_application_employer_name,2747473059183823870
8248486934170083143,7319555456283471916,last_application_occupation_title,8637652221654787651
8248486934170083143,5313995319290952517,last_application_other_monthly_income_after_tax,7319555456283471916
8248486934170083143,5438881177735587985,last_application_other_monthly_income_before_tax,7319555456283471916
8248486934170083143,2690618734687629313,last_application_rental_monthly_income_before_tax,7319555456283471916
8248486934170083143,6243689015781065318,last_application_spouse_monthly_income_before_tax,7319555456283471916
8248486934170083143,2151121269194194931,last_application_uc_score,1550817009579813926
8248486934170083143,1782653178522950431,liikevaihto,7177109298412355992
8248486934170083143,6277741116456727222,loans,8435778085406938782
8248486934170083143,1431467904523358600,monthlyRevenue,7177109298412355992
8248486934170083143,6485214493662565682,mortgage_raw_json,1461056860179966745
8248486934170083143,363070621573696500,original_balance,577342234998707006
8248486934170083143,2521166418319430608,owners_raw_json,1461056860179966745
8248486934170083143,5929147157258784476,pastReportRequests,1550817009579813926
8248486934170083143,5925297115495252281,politicallyExposedPerson,6637940785736702004
8248486934170083143,8548561669794386753,politicallyExposedPersonDescription,6637940785736702004
8248486934170083143,1180848125164428807,politically_exposed,6637940785736702004
8248486934170083143,1198878924809312988,previous_capital_deficit,7715370514140873707
8248486934170083143,4956154919000481642,psd2Reports,1550817009579813926
8248486934170083143,3150781045078885953,push_notifications,1461056860179966745
8248486934170083143,903708470620152020,real_estate_raw_json,1461056860179966745
8248486934170083143,8637652221654787651,restricted,
8248486934170083143,7177109298412355992,revenue,8212724741937909660
8248486934170083143,3220636305578737722,revenue_share_percent,7177109298412355992
8248486934170083143,5420791172111365634,special_constraints_raw_json,1461056860179966745
8248486934170083143,8554365892363030039,yearlyRevenue,7177109298412355992
8248486934170083143,6318966399766754487,yv_koulutus,368681235308034403
655384675748637071,6032714687553917623,INCOME_AFTER_TAX,5308703684021058950
655384675748637071,4888899035423656365,PII,
655384675748637071,7497603640112848285,ammatti,270889134539559221
655384675748637071,5308703684021058950,amount,3381413452895860351
655384675748637071,4243850254303011360,birth_date,6833665301934383846
655384675748637071,7670462186456590235,birthday,6833665301934383846
655384675748637071,7271466154088881359,bruttotulot,5308703684021058950
655384675748637071,5757293661518724631,business_id,6424911034992157225
655384675748637071,7307588461478743163,business_identity_code,6424911034992157225
655384675748637071,6424911034992157225,business_organization_number,4888899035423656365
655384675748637071,6461865643284600660,citizenship,3381413452895860351
655384675748637071,935439318389593446,citizenship_text,6461865643284600660
655384675748637071,700089495488447192,civil_status,6226721672907170585
655384675748637071,8846140171905920944,civil_status_text,6226721672907170585
655384675748637071,6648053288186094991,comments,3654978517879767075
655384675748637071,4705228892692672416,confidential,
655384675748637071,8499947648104922334,customer_birth_date,6833665301934383846
655384675748637071,3725510816645287732,customer_gender,4906941243699927382
655384675748637071,8373617333223940715,customer_organisation_name,6424911034992157225
655384675748637071,1574542865740677443,customer_organisation_number,6424911034992157225
655384675748637071,1551509848487994038,customer_passport_number,6424911034992157225
655384675748637071,1920352343748943071,customer_postal_code,2364795875905812308
655384675748637071,3654978517879767075,data,4888899035423656365
655384675748637071,6833665301934383846,dob,3381413452895860351
655384675748637071,9020389780437670432,edtyonantaja,3317539461820597114
655384675748637071,3317539461820597114,employer,4888899035423656365
655384675748637071,1093311489654391265,employer_name,3317539461820597114
655384675748637071,2607624055502470227,employercountry,3317539461820597114
655384675748637071,874137576898303868,employment_business_id,6424911034992157225
655384675748637071,5301958019033477339,employment_profession,270889134539559221
655384675748637071,5695798838319725896,employment_profession_class,270889134539559221
655384675748637071,4808653929885277592,extraIncome,5308703684021058950
655384675748637071,4906941243699927382,gender,3381413452895860351
655384675748637071,605926281244245758,gross_income,5308703684021058950
655384675748637071,928990002786230167,gross_income_spouse,5308703684021058950
655384675748637071,48492384500970620,identifier,3654978517879767075
655384675748637071,6187955573718089846,json_col,3654978517879767075
655384675748637071,7531419600413626810,kansalaisuus,6461865643284600660
655384675748637071,7309359424398921046,last_application_business_organization_number,6424911034992157225
655384675748637071,3505423893338928160,last_application_civil_status,6226721672907170585
655384675748637071,6151402209931533496,last_application_monthly_income_after_tax,5308703684021058950
655384675748637071,2796554184846259882,last_application_monthly_income_before_tax,5308703684021058950
655384675748637071,6226721672907170585,marital_status,3381413452895860351
655384675748637071,8314171996373817123,monthlyIncome,5308703684021058950
655384675748637071,8053056016438559069,monthlyNetIncome,5308703684021058950
655384675748637071,7992817716748718072,monthly_income_after_tax,5308703684021058950
655384675748637071,720444043102790014,monthly_income_before_tax,5308703684021058950
655384675748637071,6053224342809202429,monthly_rental_income,5308703684021058950
655384675748637071,2852413864562398649,nationality,6461865643284600660
655384675748637071,6071619618436593663,net_income,5308703684021058950
655384675748637071,3729272540755511892,net_income_spouse,5308703684021058950
655384675748637071,704838162045412265,nettotulos,5308703684021058950
655384675748637071,8354583460841805127,nettotulot,5308703684021058950
655384675748637071,45742810527122249,occupation,270889134539559221
655384675748637071,6640393693362288304,occupation_title,270889134539559221
655384675748637071,4080306321922003711,organizationNumber,6424911034992157225
655384675748637071,2139902426952739877,otherIncomes,5308703684021058950
655384675748637071,7117577568548888590,other_monthly_income_after_tax,5308703684021058950
655384675748637071,402785928177310759,other_monthly_income_before_tax,5308703684021058950
655384675748637071,2364795875905812308,post_code,4888899035423656365
655384675748637071,2923532692494885646,postal_area,2364795875905812308
655384675748637071,8931050679702196807,postal_code,2364795875905812308
655384675748637071,942629323279173641,postinro,2364795875905812308
655384675748637071,4006941670285820825,postinumero,2364795875905812308
655384675748637071,39093164975094688,previous_taxed_annual_income,5308703684021058950
655384675748637071,8270922775288717178,primaryIncomes,5308703684021058950
655384675748637071,270889134539559221,profession,3381413452895860351
655384675748637071,2002820261517347430,profession_area,270889134539559221
655384675748637071,1000284766421328938,profession_class,270889134539559221
655384675748637071,5477497905177470427,raw_data,3654978517879767075
655384675748637071,1563826282838732756,rental_monthly_income_before_tax,5308703684021058950
655384675748637071,3381413452895860351,restricted,
655384675748637071,4159175221921907153,salary_monthly_gross,5308703684021058950
655384675748637071,7677596943207196950,salary_monthly_net,5308703684021058950
655384675748637071,2512295000632361950,secondaryIncomes,5308703684021058950
655384675748637071,1403481017258375676,sex,4906941243699927382
655384675748637071,1955415658048578536,siviilisaaty,6226721672907170585
655384675748637071,5257575529762582064,spouseIncome,5308703684021058950
655384675748637071,4247509689704410290,spouse_monthly_income_after_tax,5308703684021058950
655384675748637071,234444033085638853,spouse_monthly_income_before_tax,5308703684021058950
655384675748637071,8039236770035332469,sukupuoli,4906941243699927382
655384675748637071,9169499821877390682,taxableIncome,5308703684021058950
655384675748637071,7865053839180578068,taxableIncomeYear,5308703684021058950
655384675748637071,6511952205041239508,taxed_annual_income,5308703684021058950
655384675748637071,3246941932707629895,text,3654978517879767075
655384675748637071,8079091799678586940,tyonantaja,3317539461820597114
655384675748637071,5930425938369960379,tyonantajapuh,3317539461820597114
655384675748637071,6031413161488808302,value,5308703684021058950
655384675748637071,8874009104427797598,xml,3654978517879767075
655384675748637071,2356473455812427560,yearlyIncome,5308703684021058950
655384675748637071,2990713445341371115,ytunnus,6424911034992157225
655384675748637071,5058794603843392354,yv_bruttotulot,5308703684021058950
655384675748637071,6219648779626988816,yv_nettotulot,5308703684021058950
655384675748637071,4169521934647778193,yv_postinro,2364795875905812308
655384675748637071,6072248175244107074,yv_siviilisaaty,6226721672907170585
655384675748637071,7544159846056063820,yv_tyonantaja,3317539461820597114
655384675748637071,5308107332426815801,yv_tyonantajapuh,3317539461820597114
655384675748637071,6544112304554845806,yv_ytunnus,6424911034992157225
655384675748637071,5409377275640902119,zip,2364795875905812308
655384675748637071,8315575687799274203,zip_code,2364795875905812308
462501529798891334,6732914300089518670,National_ID_Cleaned,7051526824838973807
462501529798891334,2755796045912230294,PARTNER_NAME,3438195291922151573
462501529798891334,5561980885297267041,PII,
462501529798891334,2536906608234461143,USER_FIRST_NAME,3438195291922151573
462501529798891334,2213337399800769894,USER_LAST_NAME,5998817033341608997
462501529798891334,5644563662621812076,accountNumber,6105308692631760449
462501529798891334,3484328746017016776,balance,5994715030951874841
462501529798891334,4258342891448046031,bank,6105308692631760449
462501529798891334,6105308692631760449,bank_account_number,5994715030951874841
462501529798891334,5143724156946537013,bank_bic,6105308692631760449
462501529798891334,7397601329273246316,bank_iban,6105308692631760449
462501529798891334,7383053594225766630,bisnode_creditscore,4007222420016126104
462501529798891334,3560781799875253050,broker_email,4190779673109096674
462501529798891334,5648335604763295357,clearingNumber,6105308692631760449
462501529798891334,2707552308699719580,comission,5994715030951874841
462501529798891334,9049668318568313695,commission_iq_a,2707552308699719580
462501529798891334,1317546347564314630,commission_iq_b,2707552308699719580
462501529798891334,944449308723351742,commission_iq_c,2707552308699719580
462501529798891334,6318793431926689090,commission_iq_d,2707552308699719580
462501529798891334,152022143728259999,commission_iq_e,2707552308699719580
462501529798891334,5283687123813568820,commission_iq_f,2707552308699719580
462501529798891334,5994715030951874841,confidential,
462501529798891334,1539197145060489103,contact,4190779673109096674
462501529798891334,2223969292766117270,contact_id,4190779673109096674
462501529798891334,8556936899658212144,contact_person,4190779673109096674
462501529798891334,1755923029947309594,conventionalname,5998817033341608997
462501529798891334,4007222420016126104,credit,5994715030951874841
462501529798891334,1432528444766122499,creditReports,4007222420016126104
462501529798891334,7441172237633292876,credit_limit,4007222420016126104
462501529798891334,8200763276510798683,creditscore,4007222420016126104
462501529798891334,850934971706825735,currentDebt,3868575043459310057
462501529798891334,3868575043459310057,current_loans_amount,5994715030951874841
462501529798891334,1442195305043274617,customer_contactinfo,4190779673109096674
462501529798891334,8900944629595907796,customer_email,4190779673109096674
462501529798891334,5824688680213173938,customer_first_name,3438195291922151573
462501529798891334,4763436523527527963,customer_last_name,5998817033341608997
462501529798891334,142099573649706776,customer_national_id,7051526824838973807
462501529798891334,4852116443936997356,customer_phone,9181862660018028858
462501529798891334,1606299194616204824,customer_phone_number,9181862660018028858
462501529798891334,2531213695188202976,customer_ssn,7051526824838973807
462501529798891334,8897761895887324175,data,5994715030951874841
462501529798891334,1280180439771065051,debt_balance,3484328746017016776
462501529798891334,8908577831065923658,directDebitNumber,6105308692631760449
462501529798891334,8205556851260433144,e_contacts,4190779673109096674
462501529798891334,4190779673109096674,email,5561980885297267041
462501529798891334,316825897879108393,emailId,4190779673109096674
462501529798891334,1681176142536925968,email_subject,4190779673109096674
462501529798891334,2176204542861538863,etunimi,3438195291922151573
462501529798891334,722211204131697070,external_phone,9181862660018028858
462501529798891334,3438195291922151573,first_name,8753744393727003995
462501529798891334,4492515865586462227,fname,3438195291922151573
462501529798891334,1568489129286556525,foreignerssn,7051526824838973807
462501529798891334,332395195141937168,fourth_phone,9181862660018028858
462501529798891334,5537369360311277340,idNumber,6105308692631760449
462501529798891334,8868155541357655605,json_col,8897761895887324175
462501529798891334,1267044289880387986,last_application_debt_balance,3484328746017016776
462501529798891334,5998817033341608997,last_name,8753744393727003995
462501529798891334,8864141309826942337,lname,5998817033341608997
462501529798891334,40759044408105932,loans,3868575043459310057
462501529798891334,6537766512117416136,mobile_phone,9181862660018028858
462501529798891334,3997340774018070165,name,3438195291922151573
462501529798891334,6863647573685228642,national_id,7051526824838973807
462501529798891334,2530336514736091887,national_id_sensitive,7051526824838973807
462501529798891334,3542123778861720951,original_balance,3484328746017016776
462501529798891334,6977332290036354490,original_phone,9181862660018028858
462501529798891334,7407729616126149305,pastReportRequests,4007222420016126104
462501529798891334,1368364408394592286,person,3438195291922151573
462501529798891334,9181862660018028858,phone,5561980885297267041
462501529798891334,5166604514616614536,phone_number,9181862660018028858
462501529798891334,8040876788388445379,psd2Reports,4007222420016126104
462501529798891334,7648236132469046820,raw_data,8897761895887324175
462501529798891334,3783342615864883359,registered_email,4190779673109096674
462501529798891334,1653663714797657857,requirements_email,4190779673109096674
462501529798891334,8753744393727003995,restricted,
462501529798891334,269312054565836018,revenue,5994715030951874841
462501529798891334,8807586895720374217,revenue_share_percent,269312054565836018
462501529798891334,6597666126929682214,sec_phone,9181862660018028858
462501529798891334,22037987173822199,secondaryphonenumber,9181862660018028858
462501529798891334,6578286788810104971,sotu,7051526824838973807
462501529798891334,5025240701013838292,ssc,7051526824838973807
462501529798891334,7051526824838973807,ssn,5561980885297267041
462501529798891334,7971345771247161278,sukunimi,5998817033341608997
462501529798891334,8540626995981992853,thr_phone,9181862660018028858
462501529798891334,7293872225241612745,tili,6105308692631760449
462501529798891334,6088913950501142826,tilintarkastaja,6105308692631760449
462501529798891334,7281891383648503186,userName,3438195291922151573
462501529798891334,8566623635739220596,user_email,4190779673109096674
462501529798891334,7850261856592298849,work_phone,9181862660018028858
462501529798891334,3410223528870524659,yv_email,4190779673109096674
462501529798891334,8223455317484676046,yv_etunimi,3438195291922151573
462501529798891334,8845249109474988189,yv_sotu,7051526824838973807
462501529798891334,8864486779901089232,yv_sukunimi,5998817033341608997
8452725999489655507,1495081129784276657,PII,
8452725999489655507,2662486358452458119,confidential,
8452725999489655507,8302938705289795651,restricted,
1348545653474742340,10462839579038809,INCOME_AFTER_TAX,5489266776001725763
1348545653474742340,5811367068853714355,PII,
1348545653474742340,8404501393127763289,address,865290794296904608
1348545653474742340,5489266776001725763,amount,865290794296904608
1348545653474742340,6625321257964193021,birth_date,1841188998749619886
1348545653474742340,3872124298716686870,birthday,1841188998749619886
1348545653474742340,8503996682985551914,business_id,3460042365238547272
1348545653474742340,51502247007907960,business_identity_code,3460042365238547272
1348545653474742340,3460042365238547272,business_organization_number,865290794296904608
1348545653474742340,3855094423986011776,capital_deficit,865290794296904608
1348545653474742340,8001475159894173018,citizenship,865290794296904608
1348545653474742340,893554665630261327,citizenship_text,8001475159894173018
1348545653474742340,2373830726567021255,city,8404501393127763289
1348545653474742340,5274503424278788880,civil_status_text,4431446724316501430
1348545653474742340,4709186482869009249,confidential,
1348545653474742340,1633009317526254565,customer_address,8404501393127763289
1348545653474742340,2266606811054504985,customer_address2,8404501393127763289
1348545653474742340,3166173652928611319,customer_city,8404501393127763289
1348545653474742340,8755139895642727524,customer_country_code,8404501393127763289
1348545653474742340,3970809602749897195,customer_country_name,8404501393127763289
1348545653474742340,2526892557818933083,customer_gender,5967090950065027761
1348545653474742340,329906415772295222,customer_organisation_name,3460042365238547272
1348545653474742340,1728219938699009931,customer_organisation_number,3460042365238547272
1348545653474742340,5695480737287056737,customer_passport_issuance_country_code,8404501393127763289
1348545653474742340,7762607542842849463,customer_passport_issuance_country_name,8404501393127763289
1348545653474742340,3702254044053173233,customer_passport_number,3460042365238547272
1348545653474742340,1710768618771408784,customer_postal_code,9107101934449682178
1348545653474742340,7094720081026392513,customer_state,8404501393127763289
1348545653474742340,1841188998749619886,dob,865290794296904608
1348545653474742340,6608376575111469545,education,865290794296904608
1348545653474742340,8132761655497282780,education_level,6608376575111469545
1348545653474742340,8900580789265088780,education_level_text,6608376575111469545
1348545653474742340,4507853496904095067,employer,865290794296904608
1348545653474742340,614715639179995501,employerPhone,4507853496904095067
1348545653474742340,7425480497601265433,employer_name,4507853496904095067
1348545653474742340,8334893193964998745,employercountry,4507853496904095067
1348545653474742340,7982079890432511702,employment_business_id,3460042365238547272
1348545653474742340,5932609567272540860,employment_profession,1199745607424124840
1348545653474742340,4281468088345391380,employment_profession_class,1199745607424124840
1348545653474742340,7882382231819987747,extraIncome,5489266776001725763
1348545653474742340,5967090950065027761,gender,865290794296904608
1348545653474742340,2669598821160064075,gross_income,5489266776001725763
1348545653474742340,8959222113553357339,gross_income_spouse,5489266776001725763
1348545653474742340,5181542051390917992,installment,865290794296904608
1348545653474742340,1479193968751584031,installment_charges,5181542051390917992
1348545653474742340,938517285111359883,is_pep,865290794296904608
1348545653474742340,1413365258974517382,last_application_monthly_income_before_tax,5489266776001725763
1348545653474742340,4431446724316501430,marital_status,865290794296904608
1348545653474742340,5402494257545691358,monthlyIncome,5489266776001725763
1348545653474742340,3787025301102789221,monthlyNetIncome,5489266776001725763
1348545653474742340,2076374988680364502,monthly_income_after_tax,5489266776001725763
1348545653474742340,2492374698945241881,monthly_income_before_tax,5489266776001725763
1348545653474742340,5546192423430228001,monthly_rental_income,5489266776001725763
1348545653474742340,7821052334953675791,nationality,8001475159894173018
1348545653474742340,416145839786831247,net_income,5489266776001725763
1348545653474742340,3184611772527250122,net_income_spouse,5489266776001725763
1348545653474742340,8756448201355455671,organizationNumber,3460042365238547272
1348545653474742340,1436054727188327482,originIPAddress,8404501393127763289
1348545653474742340,3441603319572544283,osoite,8404501393127763289
1348545653474742340,8365015034140070378,otherIncomes,5489266776001725763
1348545653474742340,74987056525847784,other_monthly_income_after_tax,5489266776001725763
1348545653474742340,5183771250777857434,other_monthly_income_before_tax,5489266776001725763
1348545653474742340,1883443429551959272,permitNumber,8404501393127763289
1348545653474742340,8427714892584985694,permitType,8404501393127763289
1348545653474742340,9173116380345773932,politicallyExposedPerson,938517285111359883
1348545653474742340,6238359803474318692,politicallyExposedPersonDescription,938517285111359883
1348545653474742340,9107101934449682178,post_code,865290794296904608
1348545653474742340,7844209228244700126,postal_address,8404501393127763289
1348545653474742340,3647273511682403710,postal_area,9107101934449682178
1348545653474742340,8538887370739430117,postal_code,9107101934449682178
1348545653474742340,4956759611222142988,postinro,9107101934449682178
1348545653474742340,459119009805722455,previous_capital_deficit,3855094423986011776
1348545653474742340,8684253664922779155,previous_taxed_annual_income,5489266776001725763
1348545653474742340,2628069699888849404,primaryIncomes,5489266776001725763
1348545653474742340,1199745607424124840,profession,865290794296904608
1348545653474742340,7171368587317656388,profession_area,1199745607424124840
1348545653474742340,526497518428814285,profession_class,1199745607424124840
1348545653474742340,6901620846326562992,rental_monthly_income_before_tax,5489266776001725763
1348545653474742340,865290794296904608,restricted,
1348545653474742340,4757390565180945620,secondaryIncomes,5489266776001725763
1348545653474742340,502322662036006619,secret_address,8404501393127763289
1348545653474742340,1469944283301999728,sex,5967090950065027761
1348545653474742340,6876815424823167732,spouseIncome,5489266776001725763
1348545653474742340,6008401323217761973,spouse_monthly_income_after_tax,5489266776001725763
1348545653474742340,9204687439313249904,spouse_monthly_income_before_tax,5489266776001725763
1348545653474742340,1854858634379404032,street_address,8404501393127763289
1348545653474742340,8505201773480712780,taxableIncome,5489266776001725763
1348545653474742340,1157314579281338318,taxableIncomeYear,5489266776001725763
1348545653474742340,4640084782433827789,taxed_annual_income,5489266776001725763
1348545653474742340,8435288583699953740,temporary_address,8404501393127763289
1348545653474742340,6467123706935389334,web_address,8404501393127763289
1348545653474742340,7035165451503712614,yearlyIncome,5489266776001725763
1348545653474742340,2624452233356343246,ytunnus,3460042365238547272
1348545653474742340,5095211408361394220,yv_koulutus,6608376575111469545
1348545653474742340,4951727479303231826,yv_osoite,8404501393127763289
1348545653474742340,65935253438914772,yv_postinro,9107101934449682178
1348545653474742340,9016228568754921630,yv_siviilisaaty,4431446724316501430
1348545653474742340,7096807766487053132,yv_ytunnus,3460042365238547272
1348545653474742340,2718925012891173808,zip,9107101934449682178
1348545653474742340,131351801954409678,zip_code,9107101934449682178
